search_name,advanced_phrase,
Finanzielle Risiken bei Zulieferern,"(""*Bankrott"" OR ""*insolvent*"" OR ""*insolvenz*"" OR ""*Fehlplanung*"" OR ""*Rückruf*"" OR ""Gewinneinbrüche"" OR ""Gewinneinbruch*"" OR ""Konkurs*"" OR ""Krise*"" OR ""Lieferengpass*"" OR ""Lieferengpässe*"" OR ""Missstand*"" OR ""Restrukturierung*"" OR ""Schieflage"" OR ""Stellenabbau"" OR ""Überschuldung"" OR ""Umstrukturierung*"" OR ""Verluste*"" OR ""Zahlungsschwierigkeiten"" OR ""Zahlungsunfähig*"" OR ""Zahlungsverzug*"")↵↵NEAR/10↵↵(""Bosch"" OR ""Continental"" OR ""Denso"" OR ""ZF Friedrichshafen"" OR ""Magna"" OR ""Aisin"" OR ""Hyundai Mobis"" OR ""Bridgestone"" OR ""Firestone"" OR ""Michelin"" OR ""Faurecia"" OR ""Valeo"" OR ""Lear"" OR ""Cummins"" OR ""Adient"" OR ""Goodyear"" OR ""Mahle DE"" OR ""Weichai Power"" OR ""Sumitomo Electric"" OR ""Yazaki"" OR ""Schaeffler"" OR ""Aptiv"" OR ""Toyota Boshoku"" OR ""Panasonic"" OR ""Autoliv"" OR ""Magneti Marelli"" OR ""Gestamp"" OR ""BorgWarner"" OR ""Tenneco"" OR ""Thyssen Krupp Automotive"" OR ""Hitachi"" OR ""GKN"":case sensitive=true OR ""Yanfeng Automotive Interiors"" OR ""Calsonic"" OR ""Federal Mogul"" OR ""JTEKT"":case sensitive=true OR ""Koito Manufacturing"" OR ""Plastic Omnium"" OR ""Hella"" OR ""Johnson Controls"" OR ""Brose"" OR ""Benteler"" OR ""TE Connectivity"" OR ""Dana"" OR ""Samvardhana Motherson"" OR ""Toyoda Gosei"" OR ""Flex-N-Gate"" OR ""Sumitomo Rubber Industries"" OR ""NSK Group"" OR ""Pirelli"" OR ""Hankook Tires"" OR ""American Axle"" OR ""Grupo Antolin"" OR ""Hyundai WIA"" OR ""Mitsubishi Electric"" OR ""NTN"":case sensitive=true OR ""Eberspächer"" OR ""Harman"" OR ""Mando Corp."" OR ""Hanon Systems"" OR ""Freudenberg"" OR ""Dräxlmaier"" OR ""Delphi Technologies"" OR ""Alps Electric"" OR ""Leoni"" OR ""Nemak"" OR ""IAC"":case sensitive=true OR ""Linamar"" OR ""Yokohama Rubber"" OR ""Tokai Rika"" OR ""Webasto"" OR ""TI Automotive"" OR ""TS-Tech"" OR ""Mann + Hummel"" OR ""CITIC Dicastal"" OR ""Ningbo Joyson Electronics"" OR ""Saint-Gobain"" OR ""Nexteer Automotive"" OR ""NXP Semiconductors"" OR ""NHK Spring"" OR ""Futaba Industrial"" OR ""Martinrea International Inc."" OR ""Infineon"" OR ""Renesas"" OR ""Cooper Standard"" OR ""Hutchinson"" OR ""Stanley Electric"" OR ""Knorr-Bremse"" OR ""CIE-Automotive"" OR ""Sumitomo Riko"" OR ""Asahi Glass"" OR ""Rheinmetall Automotive"" OR ""Toyo Tire & Rubber"" OR ""Meritor"" OR ""Eaton"" OR ""Wabco"" OR ""Illinois Tool Works"" OR ""LG Electronics"" OR ""Aunde"" OR ""Honeywell"" OR ""Visteon""):language=de↵↵AND NOT (""RT @*"" OR ""Nils Freudenberg"" OR m/w OR w/m OR job*:field=url OR *job:field=url OR ""magna cum laude"" OR (michelin NEAR/5 (*stern* OR Führer)) OR ↵↵(""Bosch"" OR ""Continental"" OR ""Denso"" OR ""ZF Friedrichshafen"" OR ""Magna"" OR ""Aisin"" OR ""Hyundai Mobis"" OR ""Bridgestone"" OR ""Firestone"" OR ""Michelin"" OR ""Faurecia"" OR ""Valeo"" OR ""Lear"" OR ""Cummins"" OR ""Adient"" OR ""Goodyear"" OR ""Mahle DE"" OR ""Weichai Power"" OR ""Sumitomo Electric"" OR ""Yazaki"" OR ""Schaeffler"" OR ""Aptiv"" OR ""Toyota Boshoku"" OR ""Panasonic"" OR ""Autoliv"" OR ""Magneti Marelli"" OR ""Gestamp"" OR ""BorgWarner"" OR ""Tenneco"" OR ""Thyssen Krupp Automotive"" OR ""Hitachi"" OR ""GKN"":case sensitive=true OR ""Yanfeng Automotive Interiors"" OR ""Calsonic"" OR ""Federal Mogul"" OR ""JTEKT"":case sensitive=true OR ""Koito Manufacturing"" OR ""Plastic Omnium"" OR ""Hella"" OR ""Johnson Controls"" OR ""Brose"" OR ""Benteler"" OR ""TE Connectivity"" OR ""Dana"" OR ""Samvardhana Motherson"" OR ""Toyoda Gosei"" OR ""Flex-N-Gate"" OR ""Sumitomo Rubber Industries"" OR ""NSK Group"" OR ""Pirelli"" OR ""Hankook Tires"" OR ""American Axle"" OR ""Grupo Antolin"" OR ""Hyundai WIA"" OR ""Mitsubishi Electric"" OR ""NTN"":case sensitive=true OR ""Eberspächer"" OR ""Harman"" OR ""Mando Corp."" OR ""Hanon Systems"" OR ""Freudenberg"" OR ""Dräxlmaier"" OR ""Delphi Technologies"" OR ""Alps Electric"" OR ""Leoni"" OR ""Nemak"" OR ""IAC"":case sensitive=true OR ""Linamar"" OR ""Yokohama Rubber"" OR ""Tokai Rika"" OR ""Webasto"" OR ""TI Automotive"" OR ""TS-Tech"" OR ""Mann + Hummel"" OR ""CITIC Dicastal"" OR ""Ningbo Joyson Electronics"" OR ""Saint-Gobain"" OR ""Nexteer Automotive"" OR ""NXP Semiconductors"" OR ""NHK Spring"" OR ""Futaba Industrial"" OR ""Martinrea International Inc."" OR ""Infineon"" OR ""Renesas"" OR ""Cooper Standard"" OR ""Hutchinson"" OR ""Stanley Electric"" OR ""Knorr-Bremse"" OR ""CIE-Automotive"" OR ""Sumitomo Riko"" OR ""Asahi Glass"" OR ""Rheinmetall Automotive"" OR ""Toyo Tire & Rubber"" OR ""Meritor"" OR ""Eaton"" OR ""Wabco"" OR ""Illinois Tool Works"" OR ""LG Electronics"" OR ""Aunde"" OR ""Honeywell"" OR ""Visteon""):field=author↵↵)",
Streik-Risiken bei Zulieferern,"(""Warnstreik*"" OR ""Streik*"" OR ""Generalstreik*"" OR ""protest*"" OR ""Forderung*"" OR ""Arbeitsniederlegung*"" OR ""Lohnkampf*"" OR ""Arbeitskampf*"" OR ""Widerstand*"" OR ""Tarifverhandlung*"" OR ""Arbeitsbedingungen*"" OR ""Lohnsteigerung*"" OR ""Demonstration*"" OR ""Konflikt*"" OR ""Interessensausgleich*"" OR ""Erzwingungsstreik*"" OR ""Blockade*"")↵↵NEAR/10↵↵(""Bosch"" OR ""Continental"" OR ""Denso"" OR ""ZF Friedrichshafen"" OR ""Magna"" OR ""Aisin"" OR ""Hyundai Mobis"" OR ""Bridgestone"" OR ""Firestone"" OR ""Michelin"" OR ""Faurecia"" OR ""Valeo"" OR ""Lear"" OR ""Cummins"" OR ""Adient"" OR ""Goodyear"" OR ""Mahle DE"" OR ""Weichai Power"" OR ""Sumitomo Electric"" OR ""Yazaki"" OR ""Schaeffler"" OR ""Aptiv"" OR ""Toyota Boshoku"" OR ""Panasonic"" OR ""Autoliv"" OR ""Magneti Marelli"" OR ""Gestamp"" OR ""BorgWarner"" OR ""Tenneco"" OR ""Thyssen Krupp Automotive"" OR ""Hitachi"" OR ""GKN"":case sensitive=true OR ""Yanfeng Automotive Interiors"" OR ""Calsonic"" OR ""Federal Mogul"" OR ""JTEKT"":case sensitive=true OR ""Koito Manufacturing"" OR ""Plastic Omnium"" OR ""Hella"" OR ""Johnson Controls"" OR ""Brose"" OR ""Benteler"" OR ""TE Connectivity"" OR ""Dana"" OR ""Samvardhana Motherson"" OR ""Toyoda Gosei"" OR ""Flex-N-Gate"" OR ""Sumitomo Rubber Industries"" OR ""NSK Group"" OR ""Pirelli"" OR ""Hankook Tires"" OR ""American Axle"" OR ""Grupo Antolin"" OR ""Hyundai WIA"" OR ""Mitsubishi Electric"" OR ""NTN"":case sensitive=true OR ""Eberspächer"" OR ""Harman"" OR ""Mando Corp."" OR ""Hanon Systems"" OR ""Freudenberg"" OR ""Dräxlmaier"" OR ""Delphi Technologies"" OR ""Alps Electric"" OR ""Leoni"" OR ""Nemak"" OR ""IAC"":case sensitive=true OR ""Linamar"" OR ""Yokohama Rubber"" OR ""Tokai Rika"" OR ""Webasto"" OR ""TI Automotive"" OR ""TS-Tech"" OR ""Mann + Hummel"" OR ""CITIC Dicastal"" OR ""Ningbo Joyson Electronics"" OR ""Saint-Gobain"" OR ""Nexteer Automotive"" OR ""NXP Semiconductors"" OR ""NHK Spring"" OR ""Futaba Industrial"" OR ""Martinrea International Inc."" OR ""Infineon"" OR ""Renesas"" OR ""Cooper Standard"" OR ""Hutchinson"" OR ""Stanley Electric"" OR ""Knorr-Bremse"" OR ""CIE-Automotive"" OR ""Sumitomo Riko"" OR ""Asahi Glass"" OR ""Rheinmetall Automotive"" OR ""Toyo Tire & Rubber"" OR ""Meritor"" OR ""Eaton"" OR ""Wabco"" OR ""Illinois Tool Works"" OR ""LG Electronics"" OR ""Aunde"" OR ""Honeywell"" OR ""Visteon"")↵↵AND NOT (""RT @*"")",
Compliance-Risiken bei Zulieferern,"(""Korruption*"" OR ""Rechtsverstoß"" OR ""Untreue*"" OR ""Veruntreuung*"" OR ""Vorteilsgewährung*"" OR ""Vorteilsannahme*"" OR ""Bestechung*"" OR ""Bestechlich*"" OR ""Geldwäsche*"" OR ""Complianceverstoß*"" OR ""Complianceverstöße*"" OR ""Schwarze Kasse"" OR ""Schmiergeld*"" OR ""Unrechtsvereinbarung*"" OR ""Schmiergeldaffäre*"" OR ""illegale Zahlung*"" OR ""Wettbewerbsverzerrung"" OR ""Korruptionsverdacht*"" OR ""illegale Absprache*"" OR ""Marktmanipulation*"" OR ""Bilanzfälschung*"")↵↵NEAR/10↵↵(""Bosch"" OR ""Continental"" OR ""Denso"" OR ""ZF Friedrichshafen"" OR ""Magna"" OR ""Aisin"" OR ""Hyundai Mobis"" OR ""Bridgestone"" OR ""Firestone"" OR ""Michelin"" OR ""Faurecia"" OR ""Valeo"" OR ""Lear"" OR ""Cummins"" OR ""Adient"" OR ""Goodyear"" OR ""Mahle DE"" OR ""Weichai Power"" OR ""Sumitomo Electric"" OR ""Yazaki"" OR ""Schaeffler"" OR ""Aptiv"" OR ""Toyota Boshoku"" OR ""Panasonic"" OR ""Autoliv"" OR ""Magneti Marelli"" OR ""Gestamp"" OR ""BorgWarner"" OR ""Tenneco"" OR ""Thyssen Krupp Automotive"" OR ""Hitachi"" OR ""GKN"":case sensitive=true OR ""Yanfeng Automotive Interiors"" OR ""Calsonic"" OR ""Federal Mogul"" OR ""JTEKT"":case sensitive=true OR ""Koito Manufacturing"" OR ""Plastic Omnium"" OR ""Hella"" OR ""Johnson Controls"" OR ""Brose"" OR ""Benteler"" OR ""TE Connectivity"" OR ""Dana"" OR ""Samvardhana Motherson"" OR ""Toyoda Gosei"" OR ""Flex-N-Gate"" OR ""Sumitomo Rubber Industries"" OR ""NSK Group"" OR ""Pirelli"" OR ""Hankook Tires"" OR ""American Axle"" OR ""Grupo Antolin"" OR ""Hyundai WIA"" OR ""Mitsubishi Electric"" OR ""NTN"":case sensitive=true OR ""Eberspächer"" OR ""Harman"" OR ""Mando Corp."" OR ""Hanon Systems"" OR ""Freudenberg"" OR ""Dräxlmaier"" OR ""Delphi Technologies"" OR ""Alps Electric"" OR ""Leoni"" OR ""Nemak"" OR ""IAC"":case sensitive=true OR ""Linamar"" OR ""Yokohama Rubber"" OR ""Tokai Rika"" OR ""Webasto"" OR ""TI Automotive"" OR ""TS-Tech"" OR ""Mann + Hummel"" OR ""CITIC Dicastal"" OR ""Ningbo Joyson Electronics"" OR ""Saint-Gobain"" OR ""Nexteer Automotive"" OR ""NXP Semiconductors"" OR ""NHK Spring"" OR ""Futaba Industrial"" OR ""Martinrea International Inc."" OR ""Infineon"" OR ""Renesas"" OR ""Cooper Standard"" OR ""Hutchinson"" OR ""Stanley Electric"" OR ""Knorr-Bremse"" OR ""CIE-Automotive"" OR ""Sumitomo Riko"" OR ""Asahi Glass"" OR ""Rheinmetall Automotive"" OR ""Toyo Tire & Rubber"" OR ""Meritor"" OR ""Eaton"" OR ""Wabco"" OR ""Illinois Tool Works"" OR ""LG Electronics"" OR ""Aunde"" OR ""Honeywell"" OR ""Visteon"")↵↵AND NOT (""RT @*"")",
BMW Earned,BMW:field=title,language=de ↵↵AND NOT (press.bmwgroup:field=url OR 22893372268 OR twitter.com/bmw OR @bmw OR 161192517697 OR twitter.com/bmwdeutschland OR @bmwdeutschland OR (instagram AND BMW:field=author):segment=Pictures)
BMW Earned,"(BMW:field=title OR #BMW):language=de ↵↵AND NOT (161192517697 OR twitter.com/bmwdeutschland OR ""RT @*"" OR (bmw:field=author AND instagram.com:field=url))",
BMW Deutschland Twitter,(twitter.com/bmwdeutschland OR @bmwdeutschland):segment=microblogs,
Streik-Risiken bei Zulieferern,"(""Warnstreik*"" OR ""Streik*"" OR ""Generalstreik*"" OR ""protest*"" OR ""Forderung*"" OR ""Arbeitsniederlegung*"" OR ""Lohnkampf*"" OR ""Arbeitskampf*"" OR ""Widerstand*"" OR ""Tarifverhandlung*"" OR ""Arbeitsbedingungen*"" OR ""Lohnsteigerung*"" OR ""Demonstration*"" OR ""Konflikt*"" OR ""Interessensausgleich*"" OR ""Erzwingungsstreik*"" OR ""Blockade*"")↵↵NEAR/10↵↵(""Bosch"" OR ""Continental"" OR ""Denso"" OR ""ZF Friedrichshafen"" OR ""Magna"" OR ""Aisin"" OR ""Hyundai Mobis"" OR ""Bridgestone"" OR ""Firestone"" OR ""Michelin"" OR ""Faurecia"" OR ""Valeo"" OR ""Lear"" OR ""Cummins"" OR ""Adient"" OR ""Goodyear"" OR ""Mahle DE"" OR ""Weichai Power"" OR ""Sumitomo Electric"" OR ""Yazaki"" OR ""Schaeffler"" OR ""Aptiv"" OR ""Toyota Boshoku"" OR ""Panasonic"" OR ""Autoliv"" OR ""Magneti Marelli"" OR ""Gestamp"" OR ""BorgWarner"" OR ""Tenneco"" OR ""Thyssen Krupp Automotive"" OR ""Hitachi"" OR ""GKN"":case sensitive=true OR ""Yanfeng Automotive Interiors"" OR ""Calsonic"" OR ""Federal Mogul"" OR ""JTEKT"":case sensitive=true OR ""Koito Manufacturing"" OR ""Plastic Omnium"" OR ""Hella"" OR ""Johnson Controls"" OR ""Brose"" OR ""Benteler"" OR ""TE Connectivity"" OR ""Dana"" OR ""Samvardhana Motherson"" OR ""Toyoda Gosei"" OR ""Flex-N-Gate"" OR ""Sumitomo Rubber Industries"" OR ""NSK Group"" OR ""Pirelli"" OR ""Hankook Tires"" OR ""American Axle"" OR ""Grupo Antolin"" OR ""Hyundai WIA"" OR ""Mitsubishi Electric"" OR ""NTN"":case sensitive=true OR ""Eberspächer"" OR ""Harman"" OR ""Mando Corp."" OR ""Hanon Systems"" OR ""Freudenberg"" OR ""Dräxlmaier"" OR ""Delphi Technologies"" OR ""Alps Electric"" OR ""Leoni"" OR ""Nemak"" OR ""IAC"":case sensitive=true OR ""Linamar"" OR ""Yokohama Rubber"" OR ""Tokai Rika"" OR ""Webasto"" OR ""TI Automotive"" OR ""TS-Tech"" OR ""Mann + Hummel"" OR ""CITIC Dicastal"" OR ""Ningbo Joyson Electronics"" OR ""Saint-Gobain"" OR ""Nexteer Automotive"" OR ""NXP Semiconductors"" OR ""NHK Spring"" OR ""Futaba Industrial"" OR ""Martinrea International Inc."" OR ""Infineon"" OR ""Renesas"" OR ""Cooper Standard"" OR ""Hutchinson"" OR ""Stanley Electric"" OR ""Knorr-Bremse"" OR ""CIE-Automotive"" OR ""Sumitomo Riko"" OR ""Asahi Glass"" OR ""Rheinmetall Automotive"" OR ""Toyo Tire & Rubber"" OR ""Meritor"" OR ""Eaton"" OR ""Wabco"" OR ""Illinois Tool Works"" OR ""LG Electronics"" OR ""Aunde"" OR ""Honeywell"" OR ""Visteon""):language=de↵↵AND NOT (""RT @*"")",
Volvo Deutschland Twitter,(twitter.com/VolvoPresseDE OR @VolvoPresseDE):segment=Microblog,
Volvo Earned,"(Volvo:field=title OR #Volvo):language=de ↵↵AND NOT (449196900156 OR twitter.com/VolvoPresseDE OR ""RT @*"" OR (volvocarde:field=author AND instagram.com:field=url))",
Alfa Romeo Deutschland Twitter,(twitter.com/alfa_romeo_de OR @alfa_romeo_de):segment=Microblog,
Alfa Romeo Earned,"(""Alfa Romeo"":field=title OR #alfraromeo):language=de ↵↵AND NOT (114644448629784 OR twitter.com/alfa_romeo_de OR ""RT @*"" OR (alfa_romeo_de:field=author AND instagram.com:field=url))",
Toyota Deutschland Twitter,(twitter.com/Toyota_DE OR @Toyota_DE):segment=Microblog,
Toyota Earned,"(Toyota:field=title  OR #toyota):language=de ↵↵AND NOT (274880759207660 OR twitter.com/Toyota_DE OR @Toyota_DE OR ""RT @*"")",
Hyundai Deutschland Twitter,(twitter.com/Hyundai_DE OR @Hyundai_DE):segment=Microblog,
Hyundai Earned,"(Hyundai:field=title OR #hyundai):language=de ↵↵AND NOT (113698561985108 OR twitter.com/Hyundai_DE OR @Hyundai_DE OR ""RT @*"")",
SAIC,"(""Shanghai Automotive Industry Corporation"" OR SAIC:case sensitive=true):language=de",
Streik-Risiken bei Zulieferern,"(""Warnstreik*"" OR ""Streik*"" OR ""Generalstreik*"" OR ""Arbeitsniederlegung*"" OR ""Lohnkampf*"" OR ""Arbeitskampf*"" OR ""Tarifverhandlung*"" OR ""Arbeitsbedingungen*"" OR ""Lohnsteigerung*"")↵↵NEAR/10↵↵(""Bosch"" OR ""Continental"" OR ""Denso"" OR ""ZF Friedrichshafen"" OR ""Magna"" OR ""Aisin"" OR ""Hyundai Mobis"" OR ""Bridgestone"" OR ""Firestone"" OR ""Michelin"" OR ""Faurecia"" OR ""Valeo"" OR ""Lear"" OR ""Cummins"" OR ""Adient"" OR ""Goodyear"" OR ""Mahle DE"" OR ""Weichai Power"" OR ""Sumitomo Electric"" OR ""Yazaki"" OR ""Schaeffler"" OR ""Aptiv"" OR ""Toyota Boshoku"" OR ""Panasonic"" OR ""Autoliv"" OR ""Magneti Marelli"" OR ""Gestamp"" OR ""BorgWarner"" OR ""Tenneco"" OR ""Thyssen Krupp Automotive"" OR ""Hitachi"" OR ""GKN"":case sensitive=true OR ""Yanfeng Automotive Interiors"" OR ""Calsonic"" OR ""Federal Mogul"" OR ""JTEKT"":case sensitive=true OR ""Koito Manufacturing"" OR ""Plastic Omnium"" OR ""Hella"" OR ""Johnson Controls"" OR ""Brose"" OR ""Benteler"" OR ""TE Connectivity"" OR ""Dana"" OR ""Samvardhana Motherson"" OR ""Toyoda Gosei"" OR ""Flex-N-Gate"" OR ""Sumitomo Rubber Industries"" OR ""NSK Group"" OR ""Pirelli"" OR ""Hankook Tires"" OR ""American Axle"" OR ""Grupo Antolin"" OR ""Hyundai WIA"" OR ""Mitsubishi Electric"" OR ""NTN"":case sensitive=true OR ""Eberspächer"" OR ""Harman"" OR ""Mando Corp."" OR ""Hanon Systems"" OR ""Freudenberg"" OR ""Dräxlmaier"" OR ""Delphi Technologies"" OR ""Alps Electric"" OR ""Leoni"" OR ""Nemak"" OR ""IAC"":case sensitive=true OR ""Linamar"" OR ""Yokohama Rubber"" OR ""Tokai Rika"" OR ""Webasto"" OR ""TI Automotive"" OR ""TS-Tech"" OR ""Mann + Hummel"" OR ""CITIC Dicastal"" OR ""Ningbo Joyson Electronics"" OR ""Saint-Gobain"" OR ""Nexteer Automotive"" OR ""NXP Semiconductors"" OR ""NHK Spring"" OR ""Futaba Industrial"" OR ""Martinrea International Inc."" OR ""Infineon"" OR ""Renesas"" OR ""Cooper Standard"" OR ""Hutchinson"" OR ""Stanley Electric"" OR ""Knorr-Bremse"" OR ""CIE-Automotive"" OR ""Sumitomo Riko"" OR ""Asahi Glass"" OR ""Rheinmetall Automotive"" OR ""Toyo Tire & Rubber"" OR ""Meritor"" OR ""Eaton"" OR ""Wabco"" OR ""Illinois Tool Works"" OR ""LG Electronics"" OR ""Aunde"" OR ""Honeywell"" OR ""Visteon""):language=de↵↵AND NOT (""RT @*"" OR ""Nils Freudenberg"" OR m/w OR w/m OR job*:field=url OR *job:field=url OR ""magna cum laude"" OR (michelin NEAR/5 (*stern* OR Führer)) OR ↵↵(""Bosch"" OR ""Continental"" OR ""Denso"" OR ""ZF Friedrichshafen"" OR ""Magna"" OR ""Aisin"" OR ""Hyundai Mobis"" OR ""Bridgestone"" OR ""Firestone"" OR ""Michelin"" OR ""Faurecia"" OR ""Valeo"" OR ""Lear"" OR ""Cummins"" OR ""Adient"" OR ""Goodyear"" OR ""Mahle DE"" OR ""Weichai Power"" OR ""Sumitomo Electric"" OR ""Yazaki"" OR ""Schaeffler"" OR ""Aptiv"" OR ""Toyota Boshoku"" OR ""Panasonic"" OR ""Autoliv"" OR ""Magneti Marelli"" OR ""Gestamp"" OR ""BorgWarner"" OR ""Tenneco"" OR ""Thyssen Krupp Automotive"" OR ""Hitachi"" OR ""GKN"":case sensitive=true OR ""Yanfeng Automotive Interiors"" OR ""Calsonic"" OR ""Federal Mogul"" OR ""JTEKT"":case sensitive=true OR ""Koito Manufacturing"" OR ""Plastic Omnium"" OR ""Hella"" OR ""Johnson Controls"" OR ""Brose"" OR ""Benteler"" OR ""TE Connectivity"" OR ""Dana"" OR ""Samvardhana Motherson"" OR ""Toyoda Gosei"" OR ""Flex-N-Gate"" OR ""Sumitomo Rubber Industries"" OR ""NSK Group"" OR ""Pirelli"" OR ""Hankook Tires"" OR ""American Axle"" OR ""Grupo Antolin"" OR ""Hyundai WIA"" OR ""Mitsubishi Electric"" OR ""NTN"":case sensitive=true OR ""Eberspächer"" OR ""Harman"" OR ""Mando Corp."" OR ""Hanon Systems"" OR ""Freudenberg"" OR ""Dräxlmaier"" OR ""Delphi Technologies"" OR ""Alps Electric"" OR ""Leoni"" OR ""Nemak"" OR ""IAC"":case sensitive=true OR ""Linamar"" OR ""Yokohama Rubber"" OR ""Tokai Rika"" OR ""Webasto"" OR ""TI Automotive"" OR ""TS-Tech"" OR ""Mann + Hummel"" OR ""CITIC Dicastal"" OR ""Ningbo Joyson Electronics"" OR ""Saint-Gobain"" OR ""Nexteer Automotive"" OR ""NXP Semiconductors"" OR ""NHK Spring"" OR ""Futaba Industrial"" OR ""Martinrea International Inc."" OR ""Infineon"" OR ""Renesas"" OR ""Cooper Standard"" OR ""Hutchinson"" OR ""Stanley Electric"" OR ""Knorr-Bremse"" OR ""CIE-Automotive"" OR ""Sumitomo Riko"" OR ""Asahi Glass"" OR ""Rheinmetall Automotive"" OR ""Toyo Tire & Rubber"" OR ""Meritor"" OR ""Eaton"" OR ""Wabco"" OR ""Illinois Tool Works"" OR ""LG Electronics"" OR ""Aunde"" OR ""Honeywell"" OR ""Visteon""):field=author↵↵)",
Compliance-Risiken bei Zulieferern,"(""Compliance*"" OR ""Korruption*"" OR ""Rechtsverstoß"" OR ""Untreue*"" OR ""Veruntreuung*"" OR ""Vorteilsgewährung*"" OR ""Vorteilsannahme*"" OR ""Bestechung*"" OR ""Bestechlich*"" OR ""Geldwäsche*"" OR ""Schwarze Kasse"" OR ""Schmiergeld*"" OR ""Unrechtsvereinbarung*"" OR ""Schmiergeldaffäre*"" OR ""illegale Zahlung*"" OR ""Wettbewerbsverzerrung"" OR ""Korruptionsverdacht*"" OR ""illegale Absprache*"" OR ""Marktmanipulation*"" OR ""Bilanzfälschung*""):field=title↵↵NEAR/10↵↵(""Bosch"" OR ""Continental"" OR ""Denso"" OR ""ZF Friedrichshafen"" OR ""Magna"" OR ""Aisin"" OR ""Hyundai Mobis"" OR ""Bridgestone"" OR ""Firestone"" OR ""Michelin"" OR ""Faurecia"" OR ""Valeo"" OR ""Lear"" OR ""Cummins"" OR ""Adient"" OR ""Goodyear"" OR ""Mahle DE"" OR ""Weichai Power"" OR ""Sumitomo Electric"" OR ""Yazaki"" OR ""Schaeffler"" OR ""Aptiv"" OR ""Toyota Boshoku"" OR ""Panasonic"" OR ""Autoliv"" OR ""Magneti Marelli"" OR ""Gestamp"" OR ""BorgWarner"" OR ""Tenneco"" OR ""Thyssen Krupp Automotive"" OR ""Hitachi"" OR ""GKN"":case sensitive=true OR ""Yanfeng Automotive Interiors"" OR ""Calsonic"" OR ""Federal Mogul"" OR ""JTEKT"":case sensitive=true OR ""Koito Manufacturing"" OR ""Plastic Omnium"" OR ""Hella"" OR ""Johnson Controls"" OR ""Brose"" OR ""Benteler"" OR ""TE Connectivity"" OR ""Dana"" OR ""Samvardhana Motherson"" OR ""Toyoda Gosei"" OR ""Flex-N-Gate"" OR ""Sumitomo Rubber Industries"" OR ""NSK Group"" OR ""Pirelli"" OR ""Hankook Tires"" OR ""American Axle"" OR ""Grupo Antolin"" OR ""Hyundai WIA"" OR ""Mitsubishi Electric"" OR ""NTN"":case sensitive=true OR ""Eberspächer"" OR ""Harman"" OR ""Mando Corp."" OR ""Hanon Systems"" OR ""Freudenberg"" OR ""Dräxlmaier"" OR ""Delphi Technologies"" OR ""Alps Electric"" OR ""Leoni"" OR ""Nemak"" OR ""IAC"":case sensitive=true OR ""Linamar"" OR ""Yokohama Rubber"" OR ""Tokai Rika"" OR ""Webasto"" OR ""TI Automotive"" OR ""TS-Tech"" OR ""Mann + Hummel"" OR ""CITIC Dicastal"" OR ""Ningbo Joyson Electronics"" OR ""Saint-Gobain"" OR ""Nexteer Automotive"" OR ""NXP Semiconductors"" OR ""NHK Spring"" OR ""Futaba Industrial"" OR ""Martinrea International Inc."" OR ""Infineon"" OR ""Renesas"" OR ""Cooper Standard"" OR ""Hutchinson"" OR ""Stanley Electric"" OR ""Knorr-Bremse"" OR ""CIE-Automotive"" OR ""Sumitomo Riko"" OR ""Asahi Glass"" OR ""Rheinmetall Automotive"" OR ""Toyo Tire & Rubber"" OR ""Meritor"" OR ""Eaton"" OR ""Wabco"" OR ""Illinois Tool Works"" OR ""LG Electronics"" OR ""Aunde"" OR ""Honeywell"" OR ""Visteon"")↵↵AND NOT (""RT @*"")",
Compliance-Risiken bei Zulieferern,"(""Compliance*"" OR ""Korruption*"" OR ""Rechtsverstoß"" OR ""Untreue*"" OR ""Veruntreuung*"" OR ""Vorteilsgewährung*"" OR ""Vorteilsannahme*"" OR ""Bestechung*"" OR ""Bestechlich*"" OR ""Geldwäsche*"" OR ""Schwarze Kasse"" OR ""Schmiergeld*"" OR ""Unrechtsvereinbarung*"" OR ""Schmiergeldaffäre*"" OR ""illegale Zahlung*"" OR ""Wettbewerbsverzerrung"" OR ""Korruptionsverdacht*"" OR ""illegale Absprache*"" OR ""Marktmanipulation*"" OR ""Bilanzfälschung*""):field=title;language=de↵↵AND↵↵(""Bosch"" OR ""Continental"" OR ""Denso"" OR ""ZF Friedrichshafen"" OR ""Magna"" OR ""Aisin"" OR ""Hyundai Mobis"" OR ""Bridgestone"" OR ""Firestone"" OR ""Michelin"" OR ""Faurecia"" OR ""Valeo"" OR ""Lear"" OR ""Cummins"" OR ""Adient"" OR ""Goodyear"" OR ""Mahle DE"" OR ""Weichai Power"" OR ""Sumitomo Electric"" OR ""Yazaki"" OR ""Schaeffler"" OR ""Aptiv"" OR ""Toyota Boshoku"" OR ""Panasonic"" OR ""Autoliv"" OR ""Magneti Marelli"" OR ""Gestamp"" OR ""BorgWarner"" OR ""Tenneco"" OR ""Thyssen Krupp Automotive"" OR ""Hitachi"" OR ""GKN"":case sensitive=true OR ""Yanfeng Automotive Interiors"" OR ""Calsonic"" OR ""Federal Mogul"" OR ""JTEKT"":case sensitive=true OR ""Koito Manufacturing"" OR ""Plastic Omnium"" OR ""Hella"" OR ""Johnson Controls"" OR ""Brose"" OR ""Benteler"" OR ""TE Connectivity"" OR ""Dana"" OR ""Samvardhana Motherson"" OR ""Toyoda Gosei"" OR ""Flex-N-Gate"" OR ""Sumitomo Rubber Industries"" OR ""NSK Group"" OR ""Pirelli"" OR ""Hankook Tires"" OR ""American Axle"" OR ""Grupo Antolin"" OR ""Hyundai WIA"" OR ""Mitsubishi Electric"" OR ""NTN"":case sensitive=true OR ""Eberspächer"" OR ""Harman"" OR ""Mando Corp."" OR ""Hanon Systems"" OR ""Freudenberg"" OR ""Dräxlmaier"" OR ""Delphi Technologies"" OR ""Alps Electric"" OR ""Leoni"" OR ""Nemak"" OR ""IAC"":case sensitive=true OR ""Linamar"" OR ""Yokohama Rubber"" OR ""Tokai Rika"" OR ""Webasto"" OR ""TI Automotive"" OR ""TS-Tech"" OR ""Mann + Hummel"" OR ""CITIC Dicastal"" OR ""Ningbo Joyson Electronics"" OR ""Saint-Gobain"" OR ""Nexteer Automotive"" OR ""NXP Semiconductors"" OR ""NHK Spring"" OR ""Futaba Industrial"" OR ""Martinrea International Inc."" OR ""Infineon"" OR ""Renesas"" OR ""Cooper Standard"" OR ""Hutchinson"" OR ""Stanley Electric"" OR ""Knorr-Bremse"" OR ""CIE-Automotive"" OR ""Sumitomo Riko"" OR ""Asahi Glass"" OR ""Rheinmetall Automotive"" OR ""Toyo Tire & Rubber"" OR ""Meritor"" OR ""Eaton"" OR ""Wabco"" OR ""Illinois Tool Works"" OR ""LG Electronics"" OR ""Aunde"" OR ""Honeywell"" OR ""Visteon"")↵↵AND NOT (""RT @*"" OR ""Nils Freudenberg"" OR m/w OR w/m OR job*:field=url OR *job:field=url OR ""magna cum laude"" OR (michelin NEAR/5 (*stern* OR Führer)) OR ↵↵(""Bosch"" OR ""Continental"" OR ""Denso"" OR ""ZF Friedrichshafen"" OR ""Magna"" OR ""Aisin"" OR ""Hyundai Mobis"" OR ""Bridgestone"" OR ""Firestone"" OR ""Michelin"" OR ""Faurecia"" OR ""Valeo"" OR ""Lear"" OR ""Cummins"" OR ""Adient"" OR ""Goodyear"" OR ""Mahle DE"" OR ""Weichai Power"" OR ""Sumitomo Electric"" OR ""Yazaki"" OR ""Schaeffler"" OR ""Aptiv"" OR ""Toyota Boshoku"" OR ""Panasonic"" OR ""Autoliv"" OR ""Magneti Marelli"" OR ""Gestamp"" OR ""BorgWarner"" OR ""Tenneco"" OR ""Thyssen Krupp Automotive"" OR ""Hitachi"" OR ""GKN"":case sensitive=true OR ""Yanfeng Automotive Interiors"" OR ""Calsonic"" OR ""Federal Mogul"" OR ""JTEKT"":case sensitive=true OR ""Koito Manufacturing"" OR ""Plastic Omnium"" OR ""Hella"" OR ""Johnson Controls"" OR ""Brose"" OR ""Benteler"" OR ""TE Connectivity"" OR ""Dana"" OR ""Samvardhana Motherson"" OR ""Toyoda Gosei"" OR ""Flex-N-Gate"" OR ""Sumitomo Rubber Industries"" OR ""NSK Group"" OR ""Pirelli"" OR ""Hankook Tires"" OR ""American Axle"" OR ""Grupo Antolin"" OR ""Hyundai WIA"" OR ""Mitsubishi Electric"" OR ""NTN"":case sensitive=true OR ""Eberspächer"" OR ""Harman"" OR ""Mando Corp."" OR ""Hanon Systems"" OR ""Freudenberg"" OR ""Dräxlmaier"" OR ""Delphi Technologies"" OR ""Alps Electric"" OR ""Leoni"" OR ""Nemak"" OR ""IAC"":case sensitive=true OR ""Linamar"" OR ""Yokohama Rubber"" OR ""Tokai Rika"" OR ""Webasto"" OR ""TI Automotive"" OR ""TS-Tech"" OR ""Mann + Hummel"" OR ""CITIC Dicastal"" OR ""Ningbo Joyson Electronics"" OR ""Saint-Gobain"" OR ""Nexteer Automotive"" OR ""NXP Semiconductors"" OR ""NHK Spring"" OR ""Futaba Industrial"" OR ""Martinrea International Inc."" OR ""Infineon"" OR ""Renesas"" OR ""Cooper Standard"" OR ""Hutchinson"" OR ""Stanley Electric"" OR ""Knorr-Bremse"" OR ""CIE-Automotive"" OR ""Sumitomo Riko"" OR ""Asahi Glass"" OR ""Rheinmetall Automotive"" OR ""Toyo Tire & Rubber"" OR ""Meritor"" OR ""Eaton"" OR ""Wabco"" OR ""Illinois Tool Works"" OR ""LG Electronics"" OR ""Aunde"" OR ""Honeywell"" OR ""Visteon""):field=author↵↵)",
Lada Deutschland Twitter,(twitter.com/LadaDeutschland OR @LadaDeutschland):segment=Microblog,
Lada Earned,"(Lada:field=title OR #Lada):language=de ↵↵AND NOT (148239485238436 OR twitter.com/LadaDeutschland OR @LadaDeutschland OR ""RT @*"")",
Chevrolet Europe Twitter,(twitter.com/chevroleteurope OR @chevroleteurope):segment=Microblog,
Chevrolet Earned,"(Chevrolet:field=title OR #chevrolet):language=de ↵↵AND NOT (274226426275469 OR twitter.com/chevroleteurope OR @chevroleteurope OR ""RT @*"")",
Ford Deutschland Twitter,(twitter.com/Ford_de OR @Ford_de):segment=Microblog,
Ford Earned,"(Ford:field=title OR #ford):language=de ↵↵AND NOT (170095843033454 OR twitter.com/Ford_de OR @Ford_de OR ""RT @*"")",
Bosch,Bosch:language=de,
Continental,Continental:language=de,
Denso,Denso:language=de,
ZF Friedrichshafen,ZF Friedrichshafen:language=de,
Magna,Magna:language=de,
Aisin,Aisin:language=de,
Hyundai Mobis,Hyundai Mobis:language=de,
Bridgestone,Bridgestone:language=de,
Faurecia,Faurecia:language=de,
Valeo,Valeo:language=de,
Lear,Lear:language=de,
Cummins,Cummins:language=de,
Adient,Adient:language=de,
Goodyear,Goodyear:language=de,
Mahle DE,Mahle DE:language=de,
Weichai Power,Weichai Power:language=de,
Sumitomo Electric,Sumitomo Electric:language=de,
Yazaki,Yazaki:language=de,
Mahle,Mahle:language=de,
Fahrassistenzsysteme,(fahrassistenzsystem* OR fahrassistenzsysteme):language=de,
E-Mobility,"(emobility OR e-mobility OR ""e mobility""):language=de",
E-Mobility,"(↵    emobility OR e-mobility OR ""e mobility"" OR brennstoffzell* OR ""e auto"" OR ""e autos"" OR eauto* OR ""elektro antrieb"" OR ""elektro antriebe"" OR ""elektro antrieben"" OR ""elektro antriebs"" OR ""elektro auto"" OR ""elektro autos"" OR ""elektro fahrzeug"" OR ""elektro fahrzeuge"" OR ""elektro fahrzeugen"" OR ""elektro fahrzeugs"" OR ""elektro mobil"" OR ""elektro mobile"" OR ""elektro mobilen"" OR ""elektro mobils"" OR ""elektro motor"" OR ""elektro motoren"" OR ""elektro motors"" OR ""elektroantrieb*"" OR ""elektroauto*"" OR ""elektrofahr*"" OR ""elektromobil*"" OR elektromotor* OR emobilit*↵):language=de",
Management-Risiken bei Zulieferern,"(↵↵(Übergabe* OR übergibt OR verlassen OR verlässt OR Wechsel OR neu* OR übernimmt OR abschied OR verabschiedet OR entlässt OR entlassen)↵    NEAR/5↵(Vorstand OR Eigentümer* OR Führung* OR Leitung OR Leiter* OR Vorsitz* OR geschäftsführer* OR geschäftsführung* OR chef OR Aufsichtsrat*)↵↵):field=title;language=de↵↵AND↵↵(""Bosch"" OR ""Continental"" OR ""Denso"" OR ""ZF Friedrichshafen"" OR ""Magna"" OR ""Aisin"" OR ""Hyundai Mobis"" OR ""Bridgestone"" OR ""Firestone"" OR ""Michelin"" OR ""Faurecia"" OR ""Valeo"" OR ""Lear"" OR ""Cummins"" OR ""Adient"" OR ""Goodyear"" OR ""Mahle DE"" OR ""Weichai Power"" OR ""Sumitomo Electric"" OR ""Yazaki"" OR ""Schaeffler"" OR ""Aptiv"" OR ""Toyota Boshoku"" OR ""Panasonic"" OR ""Autoliv"" OR ""Magneti Marelli"" OR ""Gestamp"" OR ""BorgWarner"" OR ""Tenneco"" OR ""Thyssen Krupp Automotive"" OR ""Hitachi"" OR ""GKN"":case sensitive=true OR ""Yanfeng Automotive Interiors"" OR ""Calsonic"" OR ""Federal Mogul"" OR ""JTEKT"":case sensitive=true OR ""Koito Manufacturing"" OR ""Plastic Omnium"" OR ""Hella"" OR ""Johnson Controls"" OR ""Brose"" OR ""Benteler"" OR ""TE Connectivity"" OR ""Dana"" OR ""Samvardhana Motherson"" OR ""Toyoda Gosei"" OR ""Flex-N-Gate"" OR ""Sumitomo Rubber Industries"" OR ""NSK Group"" OR ""Pirelli"" OR ""Hankook Tires"" OR ""American Axle"" OR ""Grupo Antolin"" OR ""Hyundai WIA"" OR ""Mitsubishi Electric"" OR ""NTN"":case sensitive=true OR ""Eberspächer"" OR ""Harman"" OR ""Mando Corp."" OR ""Hanon Systems"" OR ""Freudenberg"" OR ""Dräxlmaier"" OR ""Delphi Technologies"" OR ""Alps Electric"" OR ""Leoni"" OR ""Nemak"" OR ""IAC"":case sensitive=true OR ""Linamar"" OR ""Yokohama Rubber"" OR ""Tokai Rika"" OR ""Webasto"" OR ""TI Automotive"" OR ""TS-Tech"" OR ""Mann + Hummel"" OR ""CITIC Dicastal"" OR ""Ningbo Joyson Electronics"" OR ""Saint-Gobain"" OR ""Nexteer Automotive"" OR ""NXP Semiconductors"" OR ""NHK Spring"" OR ""Futaba Industrial"" OR ""Martinrea International Inc."" OR ""Infineon"" OR ""Renesas"" OR ""Cooper Standard"" OR ""Hutchinson"" OR ""Stanley Electric"" OR ""Knorr-Bremse"" OR ""CIE-Automotive"" OR ""Sumitomo Riko"" OR ""Asahi Glass"" OR ""Rheinmetall Automotive"" OR ""Toyo Tire & Rubber"" OR ""Meritor"" OR ""Eaton"" OR ""Wabco"" OR ""Illinois Tool Works"" OR ""LG Electronics"" OR ""Aunde"" OR ""Honeywell"" OR ""Visteon"")↵↵AND NOT (""RT @*"" OR ""Nils Freudenberg"" OR m/w OR w/m OR job*:field=url OR *job:field=url OR ""magna cum laude"" OR (michelin NEAR/5 (*stern* OR Führer)) OR ↵↵(""Bosch"" OR ""Continental"" OR ""Denso"" OR ""ZF Friedrichshafen"" OR ""Magna"" OR ""Aisin"" OR ""Hyundai Mobis"" OR ""Bridgestone"" OR ""Firestone"" OR ""Michelin"" OR ""Faurecia"" OR ""Valeo"" OR ""Lear"" OR ""Cummins"" OR ""Adient"" OR ""Goodyear"" OR ""Mahle DE"" OR ""Weichai Power"" OR ""Sumitomo Electric"" OR ""Yazaki"" OR ""Schaeffler"" OR ""Aptiv"" OR ""Toyota Boshoku"" OR ""Panasonic"" OR ""Autoliv"" OR ""Magneti Marelli"" OR ""Gestamp"" OR ""BorgWarner"" OR ""Tenneco"" OR ""Thyssen Krupp Automotive"" OR ""Hitachi"" OR ""GKN"":case sensitive=true OR ""Yanfeng Automotive Interiors"" OR ""Calsonic"" OR ""Federal Mogul"" OR ""JTEKT"":case sensitive=true OR ""Koito Manufacturing"" OR ""Plastic Omnium"" OR ""Hella"" OR ""Johnson Controls"" OR ""Brose"" OR ""Benteler"" OR ""TE Connectivity"" OR ""Dana"" OR ""Samvardhana Motherson"" OR ""Toyoda Gosei"" OR ""Flex-N-Gate"" OR ""Sumitomo Rubber Industries"" OR ""NSK Group"" OR ""Pirelli"" OR ""Hankook Tires"" OR ""American Axle"" OR ""Grupo Antolin"" OR ""Hyundai WIA"" OR ""Mitsubishi Electric"" OR ""NTN"":case sensitive=true OR ""Eberspächer"" OR ""Harman"" OR ""Mando Corp."" OR ""Hanon Systems"" OR ""Freudenberg"" OR ""Dräxlmaier"" OR ""Delphi Technologies"" OR ""Alps Electric"" OR ""Leoni"" OR ""Nemak"" OR ""IAC"":case sensitive=true OR ""Linamar"" OR ""Yokohama Rubber"" OR ""Tokai Rika"" OR ""Webasto"" OR ""TI Automotive"" OR ""TS-Tech"" OR ""Mann + Hummel"" OR ""CITIC Dicastal"" OR ""Ningbo Joyson Electronics"" OR ""Saint-Gobain"" OR ""Nexteer Automotive"" OR ""NXP Semiconductors"" OR ""NHK Spring"" OR ""Futaba Industrial"" OR ""Martinrea International Inc."" OR ""Infineon"" OR ""Renesas"" OR ""Cooper Standard"" OR ""Hutchinson"" OR ""Stanley Electric"" OR ""Knorr-Bremse"" OR ""CIE-Automotive"" OR ""Sumitomo Riko"" OR ""Asahi Glass"" OR ""Rheinmetall Automotive"" OR ""Toyo Tire & Rubber"" OR ""Meritor"" OR ""Eaton"" OR ""Wabco"" OR ""Illinois Tool Works"" OR ""LG Electronics"" OR ""Aunde"" OR ""Honeywell"" OR ""Visteon""):field=author↵↵)",
Fahrassistenzsysteme,"(fahrassistenzsystem* OR fahrassistenzsysteme OR Ampelassistent OR Anhänger-Stabilitätsprogramm OR Antiblockiersystem OR ABS:case sensitive=true OR Antriebsschlupfregelung OR ASR:case sensitive=true OR Traktionskontrolle OR ""Automatische Stabilitäts Control"" OR Aufmerksamkeits-Assistent OR Fahrerzustandserkennung OR Müdigkeitserkennung OR Bergabfahrhilfe OR Berganfahrhilfe OR Beschleunigungs-Assistent OR Bremsassistent OR Fahrzeug-Umgebungs-Kommunikation OR ""Elektronische Dämpferregelung"" OR Einparkhilfe* OR Parksensor* OR (Elektromechanisch* OR Elektrohydraulisch*) NEAR/5p angetriebene* NEAR/5p Servolenkung OR ""Elektronische Differentialsperre"" OR ""Elektronische Stabilitätskontrolle"" OR Fahrdynamikregelung OR ""Elektronisches Stabilitätsprogramm"" OR ESP:case sensitive=true OR ""Adaptiver Fernlichtassistent"" OR Geschwindigkeitsregelanlage OR Tempomat OR Abstandsregeltempomat OR ""Automatische Distanzregelung"" OR Stauassistent OR ""Intelligente Geschwindigkeitsassistenz"" OR Geschwindigkeitswarnsystem OR ""Kollisionswarn- und Schutzsystem"" OR Kurvenlicht OR ""Adaptives Frontbeleuchtungssystem"" OR Abbiegelicht OR Motor-Schleppmoment-Regelung OR Nachtsicht-Assistent OR Notbremsassistent OR Abstandswarner OR Notbremssignalisierung OR ""Autonomes Notbremssystem"" OR ""Vorausschauender Notbremsassistent"" OR Nothaltesystem OR Reifendruckkontrollsystem OR Parkdistanzkontrolle OR Scheibenwischer-Automatik OR Regensensor OR Spurerkennungssystem OR Spurhalteassistent OR Spurleitassistent OR Spurverlassenswarner OR Spurwechselassistent  OR Totwinkel-Überwachung OR Spurwechselunterstützung OR Verkehrszeichenerkennung OR Wankneigungskontrolle OR ""Elektronische Überschlagsvermeidung""):language=de;field=title",
E-Mobility,"(↵    emobility OR e-mobility OR ""e mobility"" OR brennstoffzell* OR ""e auto"" OR ""e autos"" OR eauto* OR ""elektro antrieb"" OR ""elektro antriebe"" OR ""elektro antrieben"" OR ""elektro antriebs"" OR ""elektro auto"" OR ""elektro autos"" OR ""elektro fahrzeug"" OR ""elektro fahrzeuge"" OR ""elektro fahrzeugen"" OR ""elektro fahrzeugs"" OR ""elektro mobil"" OR ""elektro mobile"" OR ""elektro mobilen"" OR ""elektro mobils"" OR ""elektro motor"" OR ""elektro motoren"" OR ""elektro motors"" OR ""elektroantrieb*"" OR ""elektroauto*"" OR ""elektrofahr*"" OR ""elektromobil*"" OR elektromotor* OR emobilit*↵):language=de;field=title",
Carsharing,"(↵carsharing OR ""car sharing"" OR ""car-sharing"" OR drivenow OR car2go OR ubeeqo OR flinkster↵↵):language=de;field=title",
Selbstfahrende Autos,(↵(selbstfahend* OR selbstfahrende OR selbstfahrendes) NEAR/5 (auto* OR autos OR fahrzeug* OR fahrzeuge)↵):language=de,field=title
Energieffizienz,"(↵    (emobility OR e-mobility OR ""e mobility"" OR brennstoffzell* OR ""e auto"" OR ""e autos"" OR eauto* OR ""elektro antrieb"" OR ""elektro antriebe"" OR ""elektro antrieben"" OR ""elektro antriebs"" OR ""elektro auto"" OR ""elektro autos"" OR ""elektro fahrzeug"" OR ""elektro fahrzeuge"" OR ""elektro fahrzeugen"" OR ""elektro fahrzeugs"" OR ""elektro mobil"" OR ""elektro mobile"" OR ""elektro mobilen"" OR ""elektro mobils"" OR ""elektro motor"" OR ""elektro motoren"" OR ""elektro motors"" OR ""elektroantrieb*"" OR ""elektroauto*"" OR ""elektrofahr*"" OR ""elektromobil*"" OR elektromotor* OR emobilit*)↵    AND (*effizien* OR energieffizienz OR energieffizient*)↵):language=de;field=title",
CO2 Emissionen,"(↵    (emobility OR e-mobility OR ""e mobility"" OR brennstoffzell* OR ""e auto"" OR ""e autos"" OR eauto* OR ""elektro antrieb"" OR ""elektro antriebe"" OR ""elektro antrieben"" OR ""elektro antriebs"" OR ""elektro auto"" OR ""elektro autos"" OR ""elektro fahrzeug"" OR ""elektro fahrzeuge"" OR ""elektro fahrzeugen"" OR ""elektro fahrzeugs"" OR ""elektro mobil"" OR ""elektro mobile"" OR ""elektro mobilen"" OR ""elektro mobils"" OR ""elektro motor"" OR ""elektro motoren"" OR ""elektro motors"" OR ""elektroantrieb*"" OR ""elektroauto*"" OR ""elektrofahr*"" OR ""elektromobil*"" OR elektromotor* OR emobilit*)↵    AND (co2 OR emissionen OR emission*)↵):language=de;field=title",
Energieffizienz,"(↵    (emobility OR e-mobility OR ""e mobility"" OR brennstoffzell* OR ""e auto"" OR ""e autos"" OR eauto* OR ""elektro antrieb"" OR ""elektro antriebe"" OR ""elektro antrieben"" OR ""elektro antriebs"" OR ""elektro auto"" OR ""elektro autos"" OR ""elektro fahrzeug"" OR ""elektro fahrzeuge"" OR ""elektro fahrzeugen"" OR ""elektro fahrzeugs"" OR ""elektro mobil"" OR ""elektro mobile"" OR ""elektro mobilen"" OR ""elektro mobils"" OR ""elektro motor"" OR ""elektro motoren"" OR ""elektro motors"" OR ""elektroantrieb*"" OR ""elektroauto*"" OR ""elektrofahr*"" OR ""elektromobil*"" OR elektromotor* OR emobilit*)↵    AND (*effizien* OR energieffizienz OR energieffizient* OR stromverbrauch)↵):language=de;field=title",
Energiespeicher,"(↵    (emobility OR e-mobility OR ""e mobility"" OR brennstoffzell* OR ""e auto"" OR ""e autos"" OR eauto* OR ""elektro antrieb"" OR ""elektro antriebe"" OR ""elektro antrieben"" OR ""elektro antriebs"" OR ""elektro auto"" OR ""elektro autos"" OR ""elektro fahrzeug"" OR ""elektro fahrzeuge"" OR ""elektro fahrzeugen"" OR ""elektro fahrzeugs"" OR ""elektro mobil"" OR ""elektro mobile"" OR ""elektro mobilen"" OR ""elektro mobils"" OR ""elektro motor"" OR ""elektro motoren"" OR ""elektro motors"" OR ""elektroantrieb*"" OR ""elektroauto*"" OR ""elektrofahr*"" OR ""elektromobil*"" OR elektromotor* OR emobilit*)↵    AND (*batterie* OR batterien OR energiespeicher* OR Energiespeichersystem* OR akku* )↵):language=de;field=title",
Dieselgate,BMW NEAR/5 dieselgate,
Abgasskandal,(↵dieselgate OR abgasskandal OR dieselskandal OR ((manipulation* OR manipulier*) NEAR/3 *abgas*)↵↵):language=de,field=title
Tierversuche,(↵(Auto* OR Fahrzeug* OR automobil* OR Automobilindustrie* OR Autoindustrie* OR Auto-Industrie* OR Automobilhersteller OR PKW OR PKWs)↵AND ↵(tierversuche* OR (tests OR versuche OR experiemte OR experimentier*) NEAR/3 *tier*)↵↵):language=de,field=title
Big Data,"(↵(Auto* OR Fahrzeug* OR automobil* OR Automobilindustrie* OR Autoindustrie* OR Auto-Industrie* OR Automobilhersteller OR PKW OR PKWs)↵AND ↵(""big data"" OR datenverarbeitung* OR vernetzt* OR ""künstilche intelligenz"" OR KI:case sensitive=true OR ""machine learning"" OR ""maschinelles lernen"" OR ""deep learning"" )↵↵):language=de;field=title",
China,(↵(Auto* OR Fahrzeug* OR automobil* OR Automobilindustrie* OR Autoindustrie* OR Auto-Industrie* OR Automobilhersteller OR PKW OR PKWs)↵AND ↵(china OR chinesisch*)↵↵):language=de,field=title
Rückrufaktionen,BMW NEAR/10 (*rückruf* OR zurückgerufen*),
Rückrufe,(↵(Auto* OR Fahrzeug* OR automobil* OR Automobilindustrie* OR Autoindustrie* OR Auto-Industrie* OR Automobilhersteller OR PKW OR PKWs)↵AND ↵(*rückruf* OR zurückgerufen*)↵↵):language=de,field=title
Innovationen,"(↵(Auto* OR Fahrzeug* OR automobil* OR Automobilindustrie* OR Autoindustrie* OR Auto-Industrie* OR Automobilhersteller OR PKW OR PKWs)↵AND ↵(patent* OR innovation* OR innovativ* OR ""neue technologie*"" OR futuristisch* OR (auto* OR fahrzeug*) NEAR/5 ""der zukunft"" OR ""neue märkte"")↵↵):language=de;field=title",
Tesla Deutschland Twitter,(twitter.com/Tesla_DE OR @Tesla_DE):segment=Microblog,
Tesla Earned,"(Tesla:field=title OR #tesla):language=de ↵↵AND NOT (1698646023720128 OR twitter.com/Tesla_DE OR @Tesla_DE OR ""RT @*"")",
Bosch,Bosch:language=de,field=title↵↵AND (Auto* OR Fahrzeug* OR automobil* OR Automobilindustrie* OR Autoindustrie* OR Auto-Industrie* OR Automobilhersteller OR PKW OR PKWs)
Continental,Continental:language=de,field=title↵↵AND (Auto* OR Fahrzeug* OR automobil* OR Automobilindustrie* OR Autoindustrie* OR Auto-Industrie* OR Automobilhersteller OR PKW OR PKWs)↵↵AND NOT (lincoln NEAR/5 Continental)
Übernahmen,"((""Alfa Romeo"" OR ""Audi"" OR ""BMW"" OR ""Brilliance"" OR ""Chery"" OR ""Chevrolet"" OR ""Chrysler"" OR ""Citroën"" OR ""Dacia"" OR ""Dodge"" OR ""DS"" OR ""FAW"" OR ""Ferrari"" OR ""Fiat"" OR ""Ford"" OR ""Honda"" OR ""Hyundai"" OR ""Kia"" OR ""Lada"" OR ""Lancia"" OR ""Maruti"" OR ""Maserati"" OR ""Mazda"" OR ""Mercedes-Benz"" OR ""Mitsubishi"" OR ""Nissan"" OR ""Opel"" OR ""Porsche"" OR ""Peugeot"" OR ""Renault"" OR ""Seat"" OR ""SAIC"" OR ""Škoda Auto"" OR ""Smart"" OR ""Subaru"" OR ""Suzuki"" OR ""Tata"" OR ""Toyota"" OR ""Volkswagen"" OR ""Volvo"") ↵NEAR/10p ↵(""Alfa Romeo"" OR ""Audi"" OR ""BMW"" OR ""Brilliance"" OR ""Chery"" OR ""Chevrolet"" OR ""Chrysler"" OR ""Citroën"" OR ""Dacia"" OR ""Dodge"" OR ""DS"" OR ""FAW"" OR ""Ferrari"" OR ""Fiat"" OR ""Ford"" OR ""Honda"" OR ""Hyundai"" OR ""Kia"" OR ""Lada"" OR ""Lancia"" OR ""Maruti"" OR ""Maserati"" OR ""Mazda"" OR ""Mercedes-Benz"" OR ""Mitsubishi"" OR ""Nissan"" OR ""Opel"" OR ""Porsche"" OR ""Peugeot"" OR ""Renault"" OR ""Seat"" OR ""SAIC"" OR ""Škoda Auto"" OR ""Smart"" OR ""Subaru"" OR ""Suzuki"" OR ""Tata"" OR ""Toyota"" OR ""Volkswagen"" OR ""Volvo"") ↵NEAR/10p↵(übernimmt* OR ""sichert sich"" OR übernommen OR kauft NEAR/5 von)):language=de",
Rückrufe,"(↵(Auto* OR Fahrzeug* OR automobil* OR Automobilindustrie* OR Autoindustrie* OR Auto-Industrie* OR Automobilhersteller OR PKW OR PKWs OR ""Alfa Romeo"" OR ""Audi"" OR ""BMW"" OR ""Brilliance"" OR ""Chery"" OR ""Chevrolet"" OR ""Chrysler"" OR ""Citroën"" OR ""Dacia"" OR ""Dodge"" OR ""DS"" OR ""FAW"" OR ""Ferrari"" OR ""Fiat"" OR ""Ford"" OR ""Honda"" OR ""Hyundai"" OR ""Kia"" OR ""Lada"" OR ""Lancia"" OR ""Maruti"" OR ""Maserati"" OR ""Mazda"" OR ""Mercedes-Benz"" OR ""Mitsubishi"" OR ""Nissan"" OR ""Opel"" OR ""Porsche"" OR ""Peugeot"" OR ""Renault"" OR ""Seat"" OR ""SAIC"" OR ""Škoda Auto"" OR ""Smart"" OR ""Subaru"" OR ""Suzuki"" OR ""Tata"" OR ""Toyota"" OR ""Volkswagen"" OR ""Volvo"")↵AND ↵(*rückruf* OR zurückgerufen*)↵↵):language=de;field=title",
Neue Marke DS,"(↵(Auto* OR Fahrzeug* OR automobil* OR Automobilindustrie* OR Autoindustrie* OR Auto-Industrie* OR Automobilhersteller OR PKW OR PKWs OR ""Alfa Romeo"" OR ""Audi"" OR ""BMW"" OR ""Brilliance"" OR ""Chery"" OR ""Chevrolet"" OR ""Chrysler"" OR ""Citroën"" OR ""Dacia"" OR ""Dodge"" OR ""DS"" OR ""FAW"" OR ""Ferrari"" OR ""Fiat"" OR ""Ford"" OR ""Honda"" OR ""Hyundai"" OR ""Kia"" OR ""Lada"" OR ""Lancia"" OR ""Maruti"" OR ""Maserati"" OR ""Mazda"" OR ""Mercedes-Benz"" OR ""Mitsubishi"" OR ""Nissan"" OR ""Opel"" OR ""Porsche"" OR ""Peugeot"" OR ""Renault"" OR ""Seat"" OR ""SAIC"" OR ""Škoda Auto"" OR ""Smart"" OR ""Subaru"" OR ""Suzuki"" OR ""Tata"" OR ""Toyota"" OR ""Volkswagen"" OR ""Volvo"")↵AND ↵(DS:case sensitive=true)↵↵):language=de;field=title",
Tierversuche,"(↵(Auto* OR Fahrzeug* OR automobil* OR Automobilindustrie* OR Autoindustrie* OR Auto-Industrie* OR Automobilhersteller OR PKW OR PKWs)↵AND ↵(tierversuche* OR (tests OR versuche OR experiemte OR experimentier*) NEAR/3 (*tier* OR affen))↵↵):language=de;field=title↵↵AND NOT (""keine tierversuche"")",
Autonomes Carsharing,"(↵(autonomes OR autonom*)↵NEAR/5↵(carsharing OR ""car sharing"" OR ""car-sharing"")↵↵):language=de;field=title",
Neue Marke DS,"(↵(Auto* OR Fahrzeug* OR automobil* OR Automobilindustrie* OR Autoindustrie* OR Auto-Industrie* OR Automobilhersteller OR PKW OR PKWs OR ""Alfa Romeo"" OR ""Audi"" OR ""BMW"" OR ""Brilliance"" OR ""Chery"" OR ""Chevrolet"" OR ""Chrysler"" OR ""Citroën"" OR ""Dacia"" OR ""Dodge"" OR ""DS"" OR ""FAW"" OR ""Ferrari"" OR ""Fiat"" OR ""Ford"" OR ""Honda"" OR ""Hyundai"" OR ""Kia"" OR ""Lada"" OR ""Lancia"" OR ""Maruti"" OR ""Maserati"" OR ""Mazda"" OR ""Mercedes-Benz"" OR ""Mitsubishi"" OR ""Nissan"" OR ""Opel"" OR ""Porsche"" OR ""Peugeot"" OR ""Renault"" OR ""Seat"" OR ""SAIC"" OR ""Škoda Auto"" OR ""Smart"" OR ""Subaru"" OR ""Suzuki"" OR ""Tata"" OR ""Toyota"" OR ""Volkswagen"" OR ""Volvo"")↵NEAR/10 ↵(DS:case sensitive=true)↵↵):language=de;field=title",
Denso,Denso:language=de,field=title↵↵AND (Auto* OR Fahrzeug* OR automobil* OR Automobilindustrie* OR Autoindustrie* OR Auto-Industrie* OR Automobilhersteller OR PKW OR PKWs)
ZF Friedrichshafen,ZF Friedrichshafen:language=de,field=title↵↵AND (Auto* OR Fahrzeug* OR automobil* OR Automobilindustrie* OR Autoindustrie* OR Auto-Industrie* OR Automobilhersteller OR PKW OR PKWs)
Magna,Magna:language=de,field=title↵↵AND (Auto* OR Fahrzeug* OR automobil* OR Automobilindustrie* OR Autoindustrie* OR Auto-Industrie* OR Automobilhersteller OR PKW OR PKWs)
Aisin,Aisin:language=de,field=title↵↵AND (Auto* OR Fahrzeug* OR automobil* OR Automobilindustrie* OR Autoindustrie* OR Auto-Industrie* OR Automobilhersteller OR PKW OR PKWs)
Hyundai Mobis,Hyundai Mobis:language=de,field=title↵↵AND (Auto* OR Fahrzeug* OR automobil* OR Automobilindustrie* OR Autoindustrie* OR Auto-Industrie* OR Automobilhersteller OR PKW OR PKWs)
Bridgestone,Bridgestone:language=de,field=title↵↵AND (Auto* OR Fahrzeug* OR automobil* OR Automobilindustrie* OR Autoindustrie* OR Auto-Industrie* OR Automobilhersteller OR PKW OR PKWs)
Faurecia,Faurecia:language=de,field=title↵↵AND (Auto* OR Fahrzeug* OR automobil* OR Automobilindustrie* OR Autoindustrie* OR Auto-Industrie* OR Automobilhersteller OR PKW OR PKWs)
Valeo,Valeo:language=de,field=title↵↵AND (Auto* OR Fahrzeug* OR automobil* OR Automobilindustrie* OR Autoindustrie* OR Auto-Industrie* OR Automobilhersteller OR PKW OR PKWs)
Lear,Lear:language=de,field=title↵↵AND (Auto* OR Fahrzeug* OR automobil* OR Automobilindustrie* OR Autoindustrie* OR Auto-Industrie* OR Automobilhersteller OR PKW OR PKWs)
Cummins,Cummins:language=de,field=title↵↵AND (Auto* OR Fahrzeug* OR automobil* OR Automobilindustrie* OR Autoindustrie* OR Auto-Industrie* OR Automobilhersteller OR PKW OR PKWs)
Adient,Adient:language=de,field=title↵↵AND (Auto* OR Fahrzeug* OR automobil* OR Automobilindustrie* OR Autoindustrie* OR Auto-Industrie* OR Automobilhersteller OR PKW OR PKWs)
Goodyear,Goodyear:language=de,field=title↵↵AND (Auto* OR Fahrzeug* OR automobil* OR Automobilindustrie* OR Autoindustrie* OR Auto-Industrie* OR Automobilhersteller OR PKW OR PKWs)
Weichai Power,Weichai Power:language=de,field=title↵↵AND (Auto* OR Fahrzeug* OR automobil* OR Automobilindustrie* OR Autoindustrie* OR Auto-Industrie* OR Automobilhersteller OR PKW OR PKWs)
Sumitomo Electric,Sumitomo Electric:language=de,field=title↵↵AND (Auto* OR Fahrzeug* OR automobil* OR Automobilindustrie* OR Autoindustrie* OR Auto-Industrie* OR Automobilhersteller OR PKW OR PKWs)
Yazaki,Yazaki:language=de,field=title↵↵AND (Auto* OR Fahrzeug* OR automobil* OR Automobilindustrie* OR Autoindustrie* OR Auto-Industrie* OR Automobilhersteller OR PKW OR PKWs)
Mahle,Mahle:language=de,field=title↵↵AND (Auto* OR Fahrzeug* OR automobil* OR Automobilindustrie* OR Autoindustrie* OR Auto-Industrie* OR Automobilhersteller OR PKW OR PKWs)
Fahrassistenzsysteme,"(fahrassistenzsystem* OR fahrassistenzsysteme OR fahrerassistenzsystem* OR fahrerassistenzsysteme OR Ampelassistent OR Anhänger-Stabilitätsprogramm OR Antiblockiersystem OR ABS:case sensitive=true OR Antriebsschlupfregelung OR ASR:case sensitive=true OR Traktionskontrolle OR ""Automatische Stabilitäts Control"" OR Aufmerksamkeits-Assistent OR Fahrerzustandserkennung OR Müdigkeitserkennung OR Bergabfahrhilfe OR Berganfahrhilfe OR Beschleunigungs-Assistent OR Bremsassistent OR Fahrzeug-Umgebungs-Kommunikation OR ""Elektronische Dämpferregelung"" OR Einparkhilfe* OR Parksensor* OR (Elektromechanisch* OR Elektrohydraulisch*) NEAR/5p angetriebene* NEAR/5p Servolenkung OR ""Elektronische Differentialsperre"" OR ""Elektronische Stabilitätskontrolle"" OR Fahrdynamikregelung OR ""Elektronisches Stabilitätsprogramm"" OR ESP:case sensitive=true OR ""Adaptiver Fernlichtassistent"" OR Geschwindigkeitsregelanlage OR Tempomat OR Abstandsregeltempomat OR ""Automatische Distanzregelung"" OR Stauassistent OR ""Intelligente Geschwindigkeitsassistenz"" OR Geschwindigkeitswarnsystem OR ""Kollisionswarn- und Schutzsystem"" OR Kurvenlicht OR ""Adaptives Frontbeleuchtungssystem"" OR Abbiegelicht OR Motor-Schleppmoment-Regelung OR Nachtsicht-Assistent OR Notbremsassistent OR Abstandswarner OR Notbremssignalisierung OR ""Autonomes Notbremssystem"" OR ""Vorausschauender Notbremsassistent"" OR Nothaltesystem OR Reifendruckkontrollsystem OR Parkdistanzkontrolle OR Scheibenwischer-Automatik OR Regensensor OR Spurerkennungssystem OR Spurhalteassistent OR Spurleitassistent OR Spurverlassenswarner OR Spurwechselassistent  OR Totwinkel-Überwachung OR Spurwechselunterstützung OR Verkehrszeichenerkennung OR Wankneigungskontrolle OR ""Elektronische Überschlagsvermeidung""):language=de;field=title",
Übernahmen,"((""Alfa Romeo"" OR ""Audi"" OR ""BMW"" OR ""Brilliance"" OR ""Chery"" OR ""Chevrolet"" OR ""Chrysler"" OR ""Citroën"" OR ""Dacia"" OR ""Dodge"" OR ""DS"" OR ""FAW"" OR ""Ferrari"" OR ""Fiat"" OR ""Ford"" OR ""Honda"" OR ""Hyundai"" OR ""Kia"" OR ""Lada"" OR ""Lancia"" OR ""Maruti"" OR ""Maserati"" OR ""Mazda"" OR ""Mercedes-Benz"" OR ""Mitsubishi"" OR ""Nissan"" OR ""Opel"" OR ""Porsche"" OR ""Peugeot"" OR ""Renault"" OR ""Seat"" OR ""SAIC"" OR ""Škoda Auto"" OR ""Smart"" OR ""Subaru"" OR ""Suzuki"" OR ""Tata"" OR ""Toyota"" OR ""Volkswagen"" OR ""Volvo"") ↵NEAR/10p ↵(""Alfa Romeo"" OR ""Audi"" OR ""BMW"" OR ""Brilliance"" OR ""Chery"" OR ""Chevrolet"" OR ""Chrysler"" OR ""Citroën"" OR ""Dacia"" OR ""Dodge"" OR ""DS"" OR ""FAW"" OR ""Ferrari"" OR ""Fiat"" OR ""Ford"" OR ""Honda"" OR ""Hyundai"" OR ""Kia"" OR ""Lada"" OR ""Lancia"" OR ""Maruti"" OR ""Maserati"" OR ""Mazda"" OR ""Mercedes-Benz"" OR ""Mitsubishi"" OR ""Nissan"" OR ""Opel"" OR ""Porsche"" OR ""Peugeot"" OR ""Renault"" OR ""Seat"" OR ""SAIC"" OR ""Škoda Auto"" OR ""Smart"" OR ""Subaru"" OR ""Suzuki"" OR ""Tata"" OR ""Toyota"" OR ""Volkswagen"" OR ""Volvo"") ↵NEAR/10p↵(""sichert sich"" OR (kauft OR übernimmt) NEAR/5 von OR ""investiert in"" OR ""beteiligt sich an"")):language=de",
Bosch,"Bosch:language=de;field=title;segment=news,""Press Release""↵↵AND (Auto* OR Fahrzeug* OR automobil* OR Automobilindustrie* OR Autoindustrie* OR Auto-Industrie* OR Automobilhersteller OR PKW OR PKWs)",
Continental,"Continental:language=de;field=title;segment=news,""Press Release""↵↵AND (Auto* OR Fahrzeug* OR automobil* OR Automobilindustrie* OR Autoindustrie* OR Auto-Industrie* OR Automobilhersteller OR PKW OR PKWs)↵↵AND NOT (lincoln NEAR/5 Continental)",
Denso,"Denso:language=de;field=title;segment=news,""Press Release""↵↵AND (Auto* OR Fahrzeug* OR automobil* OR Automobilindustrie* OR Autoindustrie* OR Auto-Industrie* OR Automobilhersteller OR PKW OR PKWs)",
ZF Friedrichshafen,ZF Friedrichshafen:language=de,field=title↵↵AND (Auto* OR Fahrzeug* OR automobil* OR Automobilindustrie* OR Autoindustrie* OR Auto-Industrie* OR Automobilhersteller OR PKW OR PKWs)
Neue Marke DS,"(↵(Auto* OR Fahrzeug* OR automobil* OR Automobilindustrie* OR Autoindustrie* OR Auto-Industrie* OR Automobilhersteller OR PKW OR PKWs OR ""Alfa Romeo"" OR ""Audi"" OR ""BMW"" OR ""Brilliance"" OR ""Chery"" OR ""Chevrolet"" OR ""Chrysler"" OR ""Citroën"" OR ""Dacia"" OR ""Dodge"" OR ""DS"" OR ""FAW"" OR ""Ferrari"" OR ""Fiat"" OR ""Ford"" OR ""Honda"" OR ""Hyundai"" OR ""Kia"" OR ""Lada"" OR ""Lancia"" OR ""Maruti"" OR ""Maserati"" OR ""Mazda"" OR ""Mercedes-Benz"" OR ""Mitsubishi"" OR ""Nissan"" OR ""Opel"" OR ""Porsche"" OR ""Peugeot"" OR ""Renault"" OR ""Seat"" OR ""SAIC"" OR ""Škoda Auto"" OR ""Smart"" OR ""Subaru"" OR ""Suzuki"" OR ""Tata"" OR ""Toyota"" OR ""Volkswagen"" OR ""Volvo"")↵NEAR/5 ↵(DS:case sensitive=true)↵↵):language=de;field=title↵↵AND NOT (nintendo OR wii)",
